Timestamp_ms,EMG_Value
0,2029
1,2188
2,2059
3,2038
4,2028
5,2121
6,2133
7,2143
8,2044
9,2123
10,2041
11,2054
12,2040
13,1999
14,2054
15,2031
16,2002
17,2040
18,2113
19,2074
20,1974
21,2083
22,2084
23,2094
24,1978
25,2037
26,2088
27,2030
28,1999
29,2055
30,2116
31,2042
32,1959
33,2053
34,2013
35,2094
36,2168
37,2033
38,2044
39,2036
40,2041
41,2082
42,2083
43,2029
44,2104
45,2137
46,1994
47,1980
48,2006
49,2069
50,1955
51,2023
52,1960
53,2055
54,2084
55,2037
56,2069
57,2015
58,2010
59,2051
60,1957
61,1991
62,2055
63,1995
64,2041
65,2071
66,2100
67,2029
68,2079
69,2011
70,2064
71,2001
72,2061
73,2164
74,2087
75,2038
76,1988
77,2044
78,2078
79,1961
80,2099
81,2067
82,2124
83,2053
84,2026
85,2031
86,2109
87,1955
88,2046
89,1996
90,2008
91,2096
92,2025
93,2030
94,2144
95,2017
96,2059
97,2012
98,2084
99,2073
100,2073
101,2074
102,2088
103,2057
104,2021
105,2061
106,2084
107,2004
108,2051
109,2154
110,1994
111,2045
112,1994
113,2022
114,2084
115,2028
116,2011
117,1984
118,2058
119,2031
120,2048
121,1998
122,2053
123,2134
124,1995
125,1983
126,2042
127,2132
128,2097
129,2051
130,2037
131,2033
132,1977
133,1982
134,2067
135,2088
136,2021
137,2010
138,2085
139,1971
140,2060
141,2046
142,2054
143,2071
144,1986
145,1996
146,2009
147,2062
148,2056
149,1997
150,2035
151,2136
152,1997
153,2044
154,2046
155,2102
156,2041
157,2029
158,2089
159,2048
160,2046
161,2083
162,2120
163,2143
164,2050
165,1959
166,1985
167,2110
168,2024
169,2073
170,2054
171,2072
172,2012
173,2031
174,2160
175,2072
176,2082
177,2011
178,2058
179,2025
180,1922
181,2076
182,2055
183,2094
184,2091
185,2060
186,2072
187,2072
188,1998
189,2056
190,1975
191,2044
192,2064
193,2028
194,2100
195,2043
196,2032
197,1951
198,2082
199,2104
200,2032
201,2094
202,1996
203,1987
204,2082
205,2096
206,2003
207,2041
208,2081
209,2086
210,2023
211,1989
212,2053
213,2049
214,1981
215,1999
216,2046
217,2098
218,2014
219,2068
220,2048
221,2063
222,2134
223,2055
224,2093
225,2020
226,2029
227,2094
228,2097
229,2049
230,2125
231,2032
232,2001
233,2000
234,2031
235,2039
236,1988
237,1965
238,2052
239,2094
240,2010
241,2159
242,2067
243,2138
244,2083
245,2089
246,2023
247,2045
248,2017
249,2052
250,1931
251,1999
252,2050
253,1961
254,2030
255,2077
256,2009
257,2073
258,2051
259,2054
260,2119
261,2101
262,1967
263,2005
264,2045
265,2034
266,2057
267,2052
268,1956
269,2000
270,2102
271,2035
272,1968
273,2081
274,2088
275,2036
276,2022
277,2069
278,2096
279,2092
280,2038
281,1917
282,2014
283,1979
284,2130
285,2122
286,2043
287,2020
288,2034
289,1959
290,2080
291,2021
292,2085
293,1987
294,1999
295,1967
296,2039
297,2032
298,2011
299,2013
300,2056
301,2031
302,2033
303,2070
304,2107
305,2041
306,2013
307,1930
308,1963
309,2076
310,1996
311,1997
312,1996
313,2078
314,1992
315,2001
316,2117
317,2070
318,2101
319,2065
320,2084
321,2031
322,2110
323,2110
324,2070
325,2062
326,2060
327,2005
328,2044
329,2167
330,2075
331,2013
332,2098
333,2011
334,2019
335,2068
336,2035
337,2014
338,2077
339,2040
340,2013
341,2017
342,2076
343,2048
344,1973
345,2013
346,2005
347,2003
348,2073
349,1973
350,2050
351,2092
352,2138
353,1916
354,2181
355,2077
356,1980
357,1951
358,1972
359,2115
360,2091
361,2000
362,2055
363,2018
364,2019
365,2061
366,2008
367,1993
368,1930
369,2014
370,2034
371,2078
372,1973
373,2063
374,2084
375,2011
376,2033
377,2031
378,2095
379,2054
380,2109
381,2043
382,2121
383,1957
384,2086
385,2026
386,2086
387,2022
388,1975
389,2129
390,2117
391,2031
392,2099
393,2040
394,2107
395,2015
396,2081
397,2038
398,2059
399,2094
400,2042
401,2016
402,2000
403,1975
404,2065
405,2068
406,2046
407,1997
408,2104
409,2129
410,2096
411,2036
412,2080
413,2025
414,1976
415,1999
416,2026
417,2059
418,2000
419,1950
420,2044
421,2088
422,1957
423,2072
424,1966
425,2014
426,1918
427,2011
428,2049
429,1983
430,2058
431,2103
432,2117
433,2070
434,1978
435,1968
436,1999
437,2055
438,2099
439,1995
440,2119
441,2095
442,2123
443,2075
444,2044
445,2025
446,1971
447,2007
448,2017
449,1968
450,1984
451,1984
452,2135
453,1971
454,2054
455,1956
456,2050
457,2038
458,2155
459,2028
460,2082
461,2071
462,2103
463,2099
464,2138
465,2099
466,2083
467,2148
468,2037
469,2048
470,2130
471,2056
472,2056
473,2037
474,2070
475,2042
476,2142
477,1993
478,1933
479,2063
480,2048
481,2004
482,1956
483,1993
484,2094
485,2036
486,2109
487,2036
488,2102
489,1941
490,2071
491,1961
492,2025
493,2012
494,2010
495,1969
496,2033
497,2072
498,2091
499,2013
500,2038
501,2023
502,2070
503,2047
504,1997
505,2076
506,2063
507,2065
508,2046
509,2035
510,2114
511,2075
512,2063
513,2029
514,2130
515,2078
516,2039
517,2028
518,2044
519,2093
520,2074
521,2001
522,2053
523,2074
524,2009
525,2047
526,2053
527,2029
528,2096
529,2038
530,2137
531,2027
532,2075
533,1985
534,2083
535,2031
536,2084
537,1982
538,2083
539,2192
540,1923
541,2105
542,2048
543,2060
544,1997
545,2098
546,1999
547,2000
548,2136
549,2024
550,2046
551,1956
552,2060
553,2041
554,2033
555,2080
556,1997
557,2028
558,2032
559,2062
560,2076
561,1986
562,1985
563,2104
564,2103
565,2046
566,2079
567,2103
568,2113
569,2085
570,2067
571,2099
572,1963
573,2042
574,2033
575,1961
576,1987
577,2002
578,2141
579,2140
580,2074
581,2095
582,2070
583,2032
584,2025
585,1963
586,1955
587,2070
588,1980
589,2038
590,1989
591,2006
592,1949
593,2076
594,2090
595,2012
596,2122
597,2157
598,2064
599,2067
600,2053
601,2059
602,2005
603,2024
604,2076
605,2029
606,2068
607,1972
608,2164
609,2117
610,1998
611,1977
612,2022
613,2001
614,2114
615,2070
616,2014
617,2038
618,2003
619,1964
620,2062
621,2039
622,1997
623,2076
624,2098
625,2054
626,2059
627,2052
628,2065
629,2038
630,2057
631,2070
632,2088
633,2013
634,2006
635,2033
636,2054
637,2050
638,2050
639,2064
640,2020
641,2053
642,2053
643,2018
644,2124
645,2086
646,2092
647,2086
648,2026
649,2053
650,2122
651,2048
652,1986
653,2010
654,2034
655,2085
656,1911
657,2040
658,1995
659,2087
660,2007
661,2106
662,2027
663,1996
664,2052
665,2120
666,2023
667,2068
668,2075
669,2080
670,2085
671,2099
672,1978
673,2082
674,1971
675,2070
676,2052
677,2008
678,2050
679,2084
680,1979
681,2061
682,2083
683,2022
684,2047
685,1908
686,2030
687,2023
688,2039
689,2005
690,2070
691,2022
692,2167
693,2069
694,2110
695,1919
696,2017
697,2146
698,2019
699,2004
700,2116
701,1993
702,2013
703,2055
704,1910
705,2061
706,2121
707,2017
708,2115
709,2023
710,2075
711,2129
712,2072
713,2073
714,2019
715,2058
716,2031
717,2042
718,2016
719,2073
720,2048
721,2041
722,2063
723,2113
724,2044
725,1997
726,2069
727,2055
728,2041
729,1925
730,2043
731,2054
732,2069
733,2126
734,2131
735,2052
736,2073
737,1976
738,2028
739,2073
740,2087
741,2087
742,1994
743,2012
744,2100
745,2022
746,2021
747,2081
748,2060
749,2042
750,2026
751,1993
752,1977
753,2087
754,2095
755,1966
756,2053
757,2006
758,2036
759,2091
760,2066
761,1992
762,1983
763,2046
764,2154
765,1985
766,1972
767,2059
768,2069
769,2090
770,2030
771,2099
772,2037
773,2122
774,1986
775,2006
776,2010
777,2026
778,2033
779,2080
780,2044
781,2061
782,2099
783,2026
784,1991
785,1947
786,2029
787,1961
788,2033
789,2122
790,1995
791,2068
792,2017
793,2063
794,2111
795,1991
796,2089
797,1958
798,2062
799,2189
800,2087
801,1988
802,2064
803,2066
804,2082
805,2007
806,1994
807,2073
808,2031
809,2083
810,2157
811,2083
812,1966
813,2114
814,2065
815,2103
816,2134
817,2125
818,2056
819,2123
820,2092
821,2042
822,2017
823,2015
824,2055
825,2103
826,2036
827,1951
828,1998
829,2055
830,2097
831,1991
832,2079
833,2056
834,2096
835,1996
836,2069
837,2011
838,2029
839,2083
840,2059
841,2014
842,1963
843,2118
844,2051
845,2003
846,1971
847,1924
848,2030
849,2069
850,2140
851,2151
852,2016
853,2042
854,2051
855,2091
856,2093
857,2087
858,2016
859,2005
860,2068
861,2080
862,2058
863,2046
864,1948
865,2058
866,2135
867,2091
868,1967
869,2018
870,2098
871,2087
872,2122
873,1999
874,2032
875,2001
876,2093
877,2083
878,1992
879,2069
880,2051
881,2050
882,2052
883,2054
884,2230
885,2062
886,2036
887,2021
888,2049
889,2048
890,1982
891,2137
892,2101
893,2103
894,2050
895,2038
896,2044
897,2093
898,2047
899,2067
900,2038
901,2109
902,2117
903,2050
904,2004
905,2059
906,2060
907,2071
908,2090
909,2059
910,2046
911,2083
912,2086
913,2110
914,2090
915,1985
916,2027
917,2028
918,1955
919,2060
920,2019
921,2047
922,2019
923,2059
924,2012
925,2043
926,2059
927,2054
928,2068
929,2015
930,2060
931,2024
932,2182
933,2036
934,2060
935,2147
936,2076
937,2037
938,2122
939,2028
940,2043
941,2031
942,2044
943,2047
944,1993
945,1962
946,2070
947,2072
948,2141
949,1970
950,2042
951,1948
952,2008
953,2079
954,2015
955,1981
956,2024
957,1916
958,1997
959,1922
960,2116
961,2040
962,2043
963,2181
964,2144
965,2112
966,1960
967,2127
968,2009
969,2028
970,1951
971,2013
972,2037
973,2052
974,2007
975,2051
976,2006
977,2032
978,1978
979,2037
980,2082
981,1970
982,2055
983,2087
984,2034
985,2098
986,1983
987,2035
988,2062
989,2098
990,1963
991,2051
992,1991
993,2121
994,2014
995,2032
996,1984
997,1994
998,2035
999,2028
1000,1709
1001,2209
1002,2102
1003,1658
1004,2483
1005,1465
1006,1817
1007,2683
1008,1911
1009,1210
1010,1772
1011,2715
1012,2676
1013,2379
1014,1178
1015,1922
1016,2089
1017,2725
1018,2547
1019,2527
1020,1591
1021,1633
1022,2289
1023,2025
1024,2808
1025,2271
1026,1566
1027,2503
1028,2042
1029,2542
1030,2191
1031,2503
1032,1773
1033,2025
1034,1281
1035,2031
1036,2002
1037,1717
1038,1854
1039,1508
1040,2106
1041,1926
1042,1332
1043,2400
1044,2606
1045,2016
1046,1719
1047,2410
1048,1867
1049,2150
1050,1749
1051,1441
1052,1997
1053,1985
1054,2698
1055,2232
1056,2163
1057,1672
1058,2147
1059,2201
1060,1953
1061,1718
1062,1725
1063,2152
1064,2217
1065,2126
1066,1843
1067,1905
1068,2068
1069,2291
1070,3019
1071,1809
1072,2352
1073,1955
1074,2091
1075,2111
1076,2023
1077,1995
1078,1405
1079,2721
1080,1732
1081,2594
1082,1276
1083,2662
1084,2224
1085,1994
1086,1774
1087,2387
1088,1834
1089,2304
1090,1962
1091,1756
1092,1944
1093,2372
1094,1976
1095,1336
1096,1803
1097,2144
1098,2538
1099,1802
1100,1786
1101,1896
1102,1968
1103,2135
1104,2109
1105,1796
1106,2118
1107,2307
1108,2022
1109,2114
1110,2135
1111,2064
1112,2317
1113,2597
1114,2366
1115,2237
1116,2192
1117,1607
1118,2167
1119,2418
1120,2412
1121,2053
1122,2238
1123,2069
1124,1940
1125,1596
1126,1697
1127,1480
1128,1863
1129,1968
1130,1736
1131,1233
1132,1672
1133,1326
1134,2042
1135,1812
1136,986
1137,2469
1138,1726
1139,1850
1140,1862
1141,1809
1142,2693
1143,1493
1144,2280
1145,2004
1146,1745
1147,1695
1148,2184
1149,1680
1150,1949
1151,1950
1152,2007
1153,1565
1154,1418
1155,1573
1156,2420
1157,1308
1158,2049
1159,1616
1160,2333
1161,2405
1162,1306
1163,1614
1164,1908
1165,2112
1166,2674
1167,2343
1168,1884
1169,2475
1170,2180
1171,2199
1172,1281
1173,2508
1174,1693
1175,1913
1176,1528
1177,2249
1178,2189
1179,2431
1180,2378
1181,1784
1182,2628
1183,1619
1184,1961
1185,1483
1186,1527
1187,1937
1188,2180
1189,1977
1190,1691
1191,2496
1192,1726
1193,2703
1194,2153
1195,2176
1196,1794
1197,1864
1198,1682
1199,1087
1200,1188
1201,1663
1202,1808
1203,2470
1204,1812
1205,1900
1206,2516
1207,1724
1208,2043
1209,2724
1210,1819
1211,1619
1212,1645
1213,1465
1214,1688
1215,1494
1216,1306
1217,1688
1218,2154
1219,1864
1220,2101
1221,1708
1222,2465
1223,1678
1224,998
1225,1794
1226,1715
1227,1987
1228,2389
1229,1912
1230,2341
1231,1811
1232,1736
1233,1780
1234,2339
1235,2163
1236,2652
1237,2149
1238,1133
1239,2047
1240,1982
1241,2060
1242,1652
1243,2222
1244,2351
1245,1820
1246,1454
1247,2264
1248,1951
1249,2496
1250,2038
1251,2203
1252,2258
1253,1847
1254,2227
1255,1884
1256,2098
1257,2253
1258,1971
1259,2087
1260,2082
1261,1647
1262,2129
1263,1723
1264,1551
1265,1844
1266,2284
1267,2832
1268,1349
1269,1455
1270,1871
1271,2034
1272,1802
1273,1848
1274,2042
1275,2635
1276,1694
1277,2108
1278,1828
1279,1760
1280,2810
1281,1609
1282,2434
1283,2199
1284,2042
1285,2489
1286,2932
1287,2301
1288,2306
1289,1451
1290,2420
1291,2215
1292,2353
1293,1958
1294,1984
1295,1869
1296,1530
1297,2055
1298,1969
1299,1570
1300,1693
1301,2069
1302,2048
1303,1963
1304,1673
1305,2753
1306,2092
1307,1536
1308,1955
1309,2258
1310,1977
1311,1711
1312,2086
1313,1732
1314,2615
1315,2341
1316,2221
1317,2022
1318,2611
1319,990
1320,2293
1321,2581
1322,1540
1323,1539
1324,2801
1325,1650
1326,1646
1327,2024
1328,1827
1329,2174
1330,1798
1331,3128
1332,2671
1333,1244
1334,1983
1335,2589
1336,1550
1337,1165
1338,1901
1339,2113
1340,2366
1341,2182
1342,1534
1343,2751
1344,2227
1345,1364
1346,1838
1347,1990
1348,2030
1349,1946
1350,2211
1351,2087
1352,2246
1353,2376
1354,1686
1355,3115
1356,2086
1357,2555
1358,2101
1359,2684
1360,2668
1361,2435
1362,2108
1363,2273
1364,2747
1365,2241
1366,2051
1367,1864
1368,1905
1369,2252
1370,1897
1371,1858
1372,1955
1373,1527
1374,1566
1375,2493
1376,2535
1377,1902
1378,1902
1379,1909
1380,1842
1381,2163
1382,2276
1383,1556
1384,2073
1385,2172
1386,1444
1387,2586
1388,2761
1389,2051
1390,2776
1391,2690
1392,1218
1393,2364
1394,2931
1395,2645
1396,1604
1397,2092
1398,1613
1399,2648
1400,1730
1401,2168
1402,1537
1403,2171
1404,2318
1405,1209
1406,3123
1407,2110
1408,2351
1409,2566
1410,2051
1411,3255
1412,1658
1413,2238
1414,2178
1415,1813
1416,1933
1417,901
1418,1470
1419,2270
1420,2587
1421,1619
1422,1752
1423,1768
1424,1743
1425,2181
1426,2175
1427,2038
1428,1859
1429,1874
1430,1750
1431,2315
1432,1444
1433,1849
1434,2220
1435,2008
1436,1449
1437,1600
1438,2051
1439,1328
1440,1834
1441,2109
1442,1568
1443,2561
1444,1750
1445,2453
1446,2190
1447,1876
1448,2360
1449,1944
1450,1708
1451,2417
1452,2068
1453,2626
1454,1798
1455,1977
1456,2633
1457,1247
1458,2731
1459,2390
1460,1916
1461,1418
1462,2178
1463,1978
1464,2266
1465,1687
1466,2319
1467,2053
1468,1957
1469,2412
1470,2678
1471,2212
1472,2084
1473,1516
1474,1417
1475,2235
1476,1851
1477,1542
1478,1489
1479,2257
1480,1510
1481,1820
1482,1930
1483,1866
1484,1697
1485,2098
1486,2511
1487,1809
1488,1645
1489,1974
1490,2189
1491,2628
1492,2362
1493,2024
1494,2120
1495,2079
1496,2083
1497,2541
1498,2137
1499,2277
1500,2019
1501,1975
1502,2012
1503,2037
1504,2050
1505,2021
1506,2088
1507,2086
1508,2054
1509,2114
1510,1965
1511,2045
1512,2070
1513,2019
1514,2033
1515,2067
1516,2103
1517,2041
1518,2019
1519,2079
1520,1954
1521,1995
1522,2101
1523,2052
1524,2079
1525,2060
1526,2019
1527,2079
1528,2110
1529,2001
1530,2059
1531,2069
1532,2065
1533,2041
1534,2040
1535,2011
1536,1966
1537,1992
1538,2063
1539,1957
1540,2055
1541,2096
1542,2131
1543,2108
1544,2097
1545,1994
1546,2047
1547,1982
1548,2013
1549,2009
1550,2030
1551,2030
1552,2065
1553,2126
1554,2048
1555,2087
1556,2078
1557,2087
1558,2087
1559,2064
1560,2165
1561,2083
1562,2053
1563,2049
1564,2015
1565,2005
1566,2091
1567,2064
1568,2033
1569,1989
1570,2038
1571,2157
1572,1922
1573,1975
1574,2033
1575,2012
1576,1992
1577,2046
1578,1893
1579,2017
1580,2078
1581,2013
1582,2120
1583,2016
1584,2102
1585,1941
1586,2043
1587,2118
1588,2090
1589,2030
1590,2030
1591,2017
1592,1964
1593,2034
1594,2043
1595,2079
1596,2022
1597,1999
1598,1962
1599,2055
1600,2070
1601,2050
1602,2074
1603,2034
1604,2012
1605,2064
1606,2073
1607,2074
1608,2016
1609,2073
1610,1995
1611,1982
1612,1999
1613,2104
1614,2092
1615,2004
1616,2092
1617,2048
1618,2079
1619,1987
1620,2021
1621,2061
1622,1967
1623,2100
1624,2012
1625,2074
1626,2056
1627,2089
1628,2063
1629,2044
1630,2096
1631,2063
1632,2077
1633,2039
1634,2077
1635,1990
1636,2040
1637,2054
1638,2084
1639,2053
1640,2028
1641,2166
1642,2145
1643,2081
1644,2096
1645,2066
1646,2006
1647,2006
1648,2099
1649,2017
1650,2052
1651,2115
1652,2042
1653,2038
1654,2099
1655,2114
1656,2044
1657,2071
1658,2029
1659,2064
1660,2021
1661,2079
1662,2042
1663,1988
1664,2044
1665,2031
1666,2107
1667,2033
1668,2013
1669,2027
1670,2057
1671,2100
1672,2053
1673,2034
1674,2077
1675,2088
1676,2022
1677,2086
1678,2109
1679,1985
1680,2083
1681,2099
1682,2084
1683,2054
1684,2012
1685,1998
1686,2058
1687,2102
1688,2016
1689,2028
1690,2018
1691,2126
1692,1982
1693,2062
1694,2127
1695,2104
1696,2008
1697,2037
1698,2094
1699,2083
1700,2101
1701,2082
1702,1959
1703,2100
1704,2039
1705,2055
1706,2004
1707,2027
1708,2120
1709,2000
1710,2032
1711,2059
1712,2083
1713,2127
1714,2079
1715,2042
1716,2062
1717,1892
1718,2072
1719,2125
1720,2122
1721,1995
1722,2010
1723,2063
1724,1958
1725,2069
1726,2005
1727,2035
1728,2024
1729,2125
1730,2041
1731,1985
1732,2085
1733,2041
1734,2008
1735,2035
1736,2027
1737,2114
1738,2031
1739,1999
1740,2055
1741,2073
1742,2098
1743,1923
1744,2010
1745,2073
1746,2008
1747,2035
1748,2145
1749,2062
1750,2025
1751,1999
1752,2042
1753,2038
1754,2137
1755,2022
1756,2072
1757,1973
1758,2037
1759,2057
1760,2050
1761,1981
1762,2172
1763,2028
1764,2002
1765,2093
1766,2047
1767,2044
1768,2070
1769,2133
1770,2081
1771,2080
1772,2048
1773,2070
1774,2053
1775,2076
1776,2074
1777,1997
1778,2136
1779,2176
1780,2083
1781,2049
1782,2009
1783,2049
1784,2098
1785,2067
1786,2006
1787,2077
1788,1997
1789,2121
1790,1996
1791,2071
1792,2045
1793,2015
1794,2073
1795,2025
1796,2031
1797,2052
1798,2056
1799,2007
1800,1984
1801,2061
1802,2052
1803,2061
1804,2068
1805,1937
1806,2081
1807,2039
1808,2025
1809,2025
1810,2052
1811,2119
1812,2076
1813,2081
1814,2050
1815,2048
1816,2016
1817,2068
1818,2001
1819,1977
1820,2098
1821,2002
1822,2073
1823,2045
1824,2077
1825,1986
1826,2072
1827,2076
1828,1969
1829,2063
1830,2047
1831,2065
1832,2067
1833,1988
1834,2069
1835,2068
1836,2101
1837,2084
1838,2162
1839,2051
1840,2051
1841,2060
1842,2030
1843,2063
1844,2030
1845,2070
1846,1949
1847,2156
1848,2087
1849,2052
1850,2079
1851,2115
1852,2064
1853,2025
1854,1944
1855,2020
1856,2108
1857,2064
1858,2165
1859,2008
1860,2114
1861,1997
1862,1985
1863,2080
1864,2089
1865,1995
1866,2064
1867,2044
1868,2028
1869,1962
1870,2064
1871,2003
1872,1964
1873,2001
1874,2069
1875,2071
1876,2087
1877,1967
1878,1990
1879,2087
1880,2037
1881,2004
1882,2024
1883,2137
1884,2083
1885,2086
1886,2056
1887,1989
1888,2063
1889,2081
1890,1980
1891,1958
1892,2026
1893,2025
1894,1990
1895,2106
1896,1962
1897,1929
1898,2028
1899,2061
1900,2040
1901,2102
1902,2013
1903,2053
1904,2003
1905,2047
1906,2099
1907,2073
1908,2003
1909,2114
1910,2041
1911,2043
1912,2101
1913,2085
1914,1995
1915,2052
1916,1975
1917,1905
1918,1899
1919,2016
1920,2085
1921,2047
1922,2017
1923,2110
1924,2040
1925,2107
1926,2069
1927,1991
1928,2103
1929,2107
1930,2013
1931,2054
1932,2001
1933,2065
1934,1932
1935,2099
1936,2016
1937,2017
1938,2104
1939,2065
1940,2055
1941,2002
1942,2086
1943,2145
1944,2028
1945,2037
1946,2010
1947,2153
1948,2043
1949,2074
1950,1972
1951,2095
1952,1960
1953,2026
1954,2043
1955,2085
1956,1945
1957,2084
1958,2045
1959,2030
1960,2029
1961,2009
1962,2068
1963,2059
1964,2104
1965,1974
1966,2025
1967,2033
1968,1991
1969,1921
1970,2141
1971,1933
1972,2157
1973,2050
1974,2107
1975,2085
1976,2000
1977,2047
1978,2049
1979,1969
1980,2048
1981,2048
1982,2039
1983,1958
1984,2067
1985,2038
1986,2090
1987,2079
1988,2046
1989,2050
1990,2074
1991,2030
1992,1990
1993,2026
1994,2037
1995,2110
1996,2043
1997,1986
1998,2028
1999,2140
2000,1981
2001,2040
2002,2049
2003,2080
2004,2043
2005,1993
2006,1997
2007,2047
2008,2047
2009,2069
2010,2061
2011,1960
2012,1995
2013,2045
2014,2036
2015,2111
2016,2035
2017,2064
2018,2013
2019,1999
2020,2131
2021,2073
2022,1995
2023,2095
2024,1998
2025,2122
2026,1994
2027,2155
2028,1992
2029,2015
2030,2008
2031,2082
2032,1948
2033,2043
2034,2110
2035,2021
2036,2018
2037,1990
2038,2073
2039,2010
2040,1975
2041,2068
2042,2069
2043,2079
2044,2026
2045,2048
2046,2023
2047,2044
2048,2035
2049,2008
2050,2096
2051,2147
2052,2061
2053,2009
2054,2069
2055,2102
2056,2049
2057,2141
2058,1972
2059,1975
2060,1927
2061,2044
2062,2082
2063,2056
2064,2092
2065,2009
2066,2087
2067,2004
2068,2049
2069,2049
2070,2027
2071,2002
2072,2102
2073,2005
2074,2105
2075,2175
2076,2095
2077,2044
2078,2014
2079,2073
2080,2058
2081,2092
2082,2010
2083,2034
2084,2015
2085,2017
2086,2042
2087,2078
2088,1977
2089,2108
2090,2017
2091,2042
2092,2068
2093,2001
2094,2055
2095,2071
2096,1994
2097,2143
2098,2074
2099,2042
2100,2015
2101,2160
2102,2119
2103,1994
2104,2089
2105,2041
2106,2053
2107,2021
2108,1997
2109,2160
2110,2011
2111,2130
2112,2117
2113,2089
2114,2019
2115,2035
2116,2035
2117,1990
2118,2035
2119,2059
2120,2111
2121,2096
2122,2039
2123,2103
2124,1950
2125,2037
2126,2048
2127,2126
2128,2005
2129,2079
2130,2062
2131,2091
2132,2011
2133,2054
2134,2105
2135,2074
2136,2028
2137,1961
2138,2140
2139,2014
2140,2043
2141,2052
2142,2066
2143,2074
2144,2040
2145,2034
2146,2044
2147,2012
2148,1940
2149,2041
2150,2028
2151,2131
2152,1981
2153,1984
2154,2070
2155,2034
2156,2065
2157,2067
2158,2026
2159,2032
2160,2075
2161,2039
2162,2048
2163,1973
2164,2106
2165,2071
2166,2077
2167,2055
2168,1954
2169,1977
2170,2025
2171,2116
2172,2152
2173,1968
2174,2044
2175,2108
2176,2048
2177,2041
2178,2051
2179,2054
2180,1939
2181,2111
2182,2086
2183,1960
2184,2027
2185,2077
2186,2067
2187,2130
2188,2071
2189,2071
2190,2061
2191,2046
2192,2147
2193,2026
2194,2084
2195,2015
2196,2111
2197,1997
2198,2003
2199,2120
2200,2062
2201,2015
2202,2008
2203,2116
2204,2112
2205,2082
2206,2099
2207,2001
2208,2107
2209,2011
2210,2116
2211,2039
2212,2018
2213,2127
2214,2043
2215,2037
2216,1942
2217,2111
2218,2057
2219,2066
2220,2003
2221,1988
2222,2034
2223,2071
2224,2105
2225,2034
2226,2038
2227,2102
2228,2037
2229,2092
2230,1983
2231,2087
2232,2072
2233,2111
2234,2063
2235,2066
2236,2065
2237,2050
2238,1992
2239,2005
2240,1982
2241,1997
2242,2163
2243,2006
2244,2064
2245,2034
2246,2078
2247,2089
2248,2067
2249,1992
2250,2047
2251,2091
2252,2000
2253,2098
2254,1991
2255,2062
2256,2123
2257,2022
2258,2088
2259,2066
2260,2065
2261,2064
2262,1969
2263,2069
2264,1874
2265,1991
2266,2016
2267,2016
2268,2138
2269,1960
2270,1984
2271,2039
2272,2116
2273,2065
2274,2101
2275,2084
2276,2018
2277,2110
2278,2089
2279,2019
2280,1977
2281,2004
2282,2012
2283,2059
2284,2203
2285,2047
2286,1970
2287,2031
2288,2018
2289,2086
2290,1959
2291,2010
2292,2024
2293,2054
2294,2046
2295,1992
2296,1985
2297,2014
2298,2052
2299,2045
2300,2009
2301,1980
2302,2029
2303,2069
2304,2100
2305,2117
2306,1980
2307,2066
2308,1963
2309,2072
2310,2152
2311,2022
2312,2014
2313,2085
2314,2091
2315,2042
2316,1985
2317,2011
2318,2038
2319,2067
2320,2062
2321,2005
2322,2034
2323,2056
2324,2091
2325,1953
2326,1979
2327,2085
2328,1994
2329,1996
2330,2063
2331,2008
2332,1982
2333,2043
2334,2007
2335,2050
2336,2066
2337,2077
2338,2115
2339,2029
2340,2009
2341,2032
2342,2010
2343,2090
2344,2068
2345,2029
2346,1999
2347,1988
2348,2044
2349,2024
2350,2017
2351,2058
2352,1949
2353,1995
2354,1997
2355,1975
2356,2065
2357,2008
2358,2004
2359,2056
2360,2112
2361,2198
2362,2158
2363,2127
2364,1978
2365,2068
2366,2013
2367,2059
2368,2062
2369,2047
2370,2051
2371,1996
2372,2207
2373,2077
2374,2061
2375,2017
2376,2062
2377,2050
2378,2046
2379,2041
2380,2111
2381,2121
2382,2002
2383,2026
2384,2050
2385,2036
2386,2113
2387,2076
2388,2085
2389,2100
2390,2138
2391,2034
2392,1995
2393,2079
2394,2086
2395,2075
2396,2098
2397,2008
2398,2039
2399,2050
2400,1921
2401,1967
2402,2086
2403,2086
2404,1956
2405,1973
2406,2024
2407,2141
2408,2107
2409,2001
2410,2061
2411,2091
2412,2011
2413,2077
2414,1987
2415,2010
2416,2064
2417,2041
2418,2097
2419,2025
2420,2131
2421,1965
2422,2035
2423,1963
2424,2072
2425,2074
2426,2068
2427,2037
2428,1974
2429,2046
2430,2127
2431,1975
2432,2052
2433,2046
2434,2011
2435,2066
2436,2063
2437,2047
2438,2056
2439,2002
2440,2107
2441,2082
2442,2060
2443,2037
2444,2023
2445,2097
2446,2039
2447,1978
2448,2017
2449,2094
2450,2058
2451,2006
2452,2024
2453,2168
2454,1996
2455,2077
2456,2037
2457,2077
2458,2091
2459,1989
2460,1978
2461,2079
2462,2074
2463,1989
2464,1943
2465,2046
2466,1997
2467,1992
2468,2112
2469,2089
2470,2043
2471,2022
2472,2051
2473,2094
2474,2100
2475,2043
2476,2046
2477,2005
2478,2059
2479,2087
2480,2076
2481,1998
2482,2071
2483,2084
2484,2093
2485,2088
2486,2051
2487,2069
2488,2007
2489,1992
2490,2025
2491,2029
2492,2066
2493,2077
2494,2056
2495,2056
2496,2014
2497,2062
2498,2129
2499,2052
2500,2534
2501,2104
2502,1696
2503,1513
2504,1709
2505,2580
2506,1937
2507,1382
2508,2150
2509,2194
2510,1944
2511,1867
2512,1641
2513,1861
2514,1431
2515,1968
2516,2381
2517,1370
2518,2732
2519,1669
2520,2577
2521,1986
2522,2494
2523,2262
2524,2010
2525,2623
2526,2031
2527,1464
2528,2793
2529,2334
2530,2127
2531,1528
2532,2176
2533,2443
2534,2264
2535,1768
2536,2337
2537,1719
2538,2200
2539,1467
2540,1938
2541,2370
2542,1841
2543,2028
2544,1973
2545,1921
2546,1876
2547,2709
2548,2463
2549,1693
2550,2206
2551,2185
2552,2488
2553,1406
2554,2027
2555,2273
2556,2135
2557,2615
2558,2286
2559,2134
2560,2270
2561,2417
2562,1735
2563,1649
2564,2541
2565,1667
2566,1833
2567,1837
2568,1783
2569,1498
2570,1732
2571,1538
2572,1853
2573,2395
2574,2216
2575,1878
2576,2191
2577,2723
2578,2047
2579,1767
2580,1926
2581,2392
2582,2144
2583,2716
2584,1741
2585,2474
2586,2391
2587,2371
2588,2482
2589,2186
2590,1935
2591,1829
2592,2390
2593,2212
2594,2119
2595,2002
2596,2067
2597,2241
2598,2271
2599,1617
2600,2058
2601,2366
2602,2081
2603,2411
2604,1645
2605,2856
2606,2321
2607,2368
2608,1814
2609,1644
2610,1893
2611,1890
2612,2396
2613,2879
2614,884
2615,1870
2616,2437
2617,2631
2618,1242
2619,1784
2620,2497
2621,2435
2622,1667
2623,2707
2624,1937
2625,1502
2626,1830
2627,2150
2628,2028
2629,1554
2630,2181
2631,2276
2632,2083
2633,2232
2634,1922
2635,2489
2636,2051
2637,2191
2638,1628
2639,2016
2640,1683
2641,1748
2642,1053
2643,2006
2644,1763
2645,2228
2646,1923
2647,1972
2648,2738
2649,2625
2650,1875
2651,1353
2652,2788
2653,2208
2654,2209
2655,1723
2656,1726
2657,2561
2658,1708
2659,1918
2660,1201
2661,2422
2662,2223
2663,1851
2664,1255
2665,1716
2666,1935
2667,1652
2668,1920
2669,1729
2670,2106
2671,1984
2672,1822
2673,1927
2674,2178
2675,1724
2676,1389
2677,2119
2678,1850
2679,3005
2680,1567
2681,1326
2682,1525
2683,1663
2684,2171
2685,2123
2686,2768
2687,2398
2688,1864
2689,2453
2690,2393
2691,1532
2692,1994
2693,1583
2694,1839
2695,2197
2696,1483
2697,2092
2698,2256
2699,2106
2700,2296
2701,2343
2702,2559
2703,2448
2704,2423
2705,2094
2706,1711
2707,2175
2708,1765
2709,2028
2710,2539
2711,1496
2712,2289
2713,2324
2714,1448
2715,2107
2716,1997
2717,1540
2718,2537
2719,2321
2720,1339
2721,2246
2722,2047
2723,2272
2724,2085
2725,2118
2726,2461
2727,2124
2728,1452
2729,2534
2730,2274
2731,1972
2732,1587
2733,1799
2734,2276
2735,2892
2736,2824
2737,2679
2738,2011
2739,2316
2740,2349
2741,2386
2742,1901
2743,2755
2744,2069
2745,1889
2746,1558
2747,2280
2748,1712
2749,2358
2750,2265
2751,2222
2752,1705
2753,1920
2754,1900
2755,1993
2756,2216
2757,1261
2758,1838
2759,1310
2760,2725
2761,2027
2762,2120
2763,2893
2764,1562
2765,1623
2766,2438
2767,2103
2768,1630
2769,1667
2770,2314
2771,2778
2772,1992
2773,1475
2774,2049
2775,1878
2776,2401
2777,2234
2778,2342
2779,1959
2780,2233
2781,2183
2782,2342
2783,2295
2784,1975
2785,1866
2786,1984
2787,2180
2788,1810
2789,1932
2790,2595
2791,1896
2792,1552
2793,1491
2794,2060
2795,1765
2796,1907
2797,1762
2798,2398
2799,1929
2800,2162
2801,2499
2802,2330
2803,2261
2804,1793
2805,1875
2806,1809
2807,2269
2808,1504
2809,2406
2810,1628
2811,2297
2812,1670
2813,2743
2814,1903
2815,3262
2816,2600
2817,2166
2818,2507
2819,1980
2820,1921
2821,2145
2822,2180
2823,2342
2824,2438
2825,2542
2826,1983
2827,1790
2828,2180
2829,1803
2830,1547
2831,2397
2832,2931
2833,1754
2834,1708
2835,1103
2836,2018
2837,2016
2838,1566
2839,2051
2840,1984
2841,1986
2842,2642
2843,1899
2844,2019
2845,1054
2846,1893
2847,2203
2848,1865
2849,1991
2850,2310
2851,1976
2852,1490
2853,2503
2854,2427
2855,1822
2856,1954
2857,2960
2858,1822
2859,1872
2860,2088
2861,2296
2862,1363
2863,2048
2864,2391
2865,1829
2866,2060
2867,2161
2868,1872
2869,1563
2870,1770
2871,1684
2872,2200
2873,2168
2874,2248
2875,1867
2876,2754
2877,1808
2878,2234
2879,2168
2880,2011
2881,2001
2882,2376
2883,1496
2884,2113
2885,1838
2886,1820
2887,2136
2888,2716
2889,3313
2890,3165
2891,2561
2892,1669
2893,2730
2894,1166
2895,2522
2896,1869
2897,2328
2898,2290
2899,1628
2900,1684
2901,2139
2902,1937
2903,2269
2904,1924
2905,1624
2906,2532
2907,1824
2908,1886
2909,2119
2910,1760
2911,1265
2912,2503
2913,2146
2914,2060
2915,1793
2916,1955
2917,2039
2918,2115
2919,2261
2920,2305
2921,1668
2922,1609
2923,1639
2924,1963
2925,2612
2926,2443
2927,1482
2928,2054
2929,2206
2930,2546
2931,2743
2932,2208
2933,1893
2934,3288
2935,2657
2936,2375
2937,2524
2938,2288
2939,2048
2940,1592
2941,2400
2942,2064
2943,2266
2944,2631
2945,1849
2946,2096
2947,2166
2948,2975
2949,1387
2950,1443
2951,1369
2952,2160
2953,1235
2954,2444
2955,2106
2956,1880
2957,2611
2958,2875
2959,2859
2960,2078
2961,2433
2962,1918
2963,2479
2964,2125
2965,1819
2966,2871
2967,2020
2968,1877
2969,2518
2970,2877
2971,1897
2972,2207
2973,2637
2974,1975
2975,2375
2976,2385
2977,2012
2978,2488
2979,2490
2980,1556
2981,2361
2982,2497
2983,1961
2984,1594
2985,2121
2986,1870
2987,2048
2988,2533
2989,1884
2990,1808
2991,1959
2992,1774
2993,2134
2994,1610
2995,2490
2996,1870
2997,1647
2998,1658
2999,2272
3000,1549
3001,2074
3002,2174
3003,2224
3004,2275
3005,1926
3006,1989
3007,1117
3008,1663
3009,2157
3010,1434
3011,2646
3012,1421
3013,2666
3014,2013
3015,2335
3016,1579
3017,2515
3018,2342
3019,2731
3020,923
3021,1831
3022,2187
3023,2272
3024,1790
3025,2651
3026,1730
3027,2236
3028,2586
3029,2110
3030,1611
3031,2767
3032,1800
3033,1679
3034,2066
3035,1207
3036,2412
3037,3467
3038,2254
3039,2345
3040,1774
3041,1992
3042,1666
3043,1808
3044,1430
3045,1735
3046,1682
3047,2026
3048,2565
3049,2491
3050,1985
3051,1697
3052,1401
3053,1405
3054,2206
3055,2748
3056,1066
3057,1247
3058,1874
3059,2132
3060,1877
3061,2181
3062,2346
3063,2306
3064,2246
3065,1536
3066,2552
3067,1542
3068,1139
3069,2459
3070,2022
3071,2649
3072,1790
3073,2021
3074,1908
3075,2574
3076,2178
3077,1772
3078,1701
3079,1746
3080,2007
3081,2370
3082,1940
3083,1374
3084,2080
3085,2302
3086,2340
3087,2049
3088,1946
3089,3088
3090,1796
3091,2200
3092,1646
3093,1646
3094,1944
3095,2369
3096,1154
3097,2161
3098,2447
3099,1757
3100,2223
3101,2138
3102,2525
3103,1703
3104,2367
3105,1268
3106,2217
3107,1662
3108,1826
3109,2809
3110,1880
3111,2712
3112,1885
3113,1426
3114,2188
3115,2713
3116,1689
3117,1356
3118,1707
3119,2108
3120,2140
3121,2228
3122,1581
3123,2022
3124,2119
3125,2482
3126,1419
3127,1658
3128,1642
3129,1458
3130,1220
3131,2391
3132,2462
3133,1656
3134,1823
3135,2292
3136,1996
3137,1888
3138,2876
3139,1969
3140,1673
3141,2489
3142,2338
3143,1899
3144,1280
3145,1861
3146,1819
3147,2237
3148,2500
3149,2108
3150,1786
3151,2769
3152,2590
3153,2052
3154,1822
3155,1863
3156,2861
3157,1854
3158,2196
3159,1651
3160,1290
3161,2199
3162,2266
3163,1817
3164,1891
3165,1644
3166,1923
3167,2140
3168,2094
3169,2563
3170,2727
3171,1709
3172,2194
3173,2172
3174,2034
3175,2972
3176,1554
3177,2005
3178,2609
3179,1735
3180,1484
3181,1497
3182,2507
3183,2700
3184,2349
3185,1832
3186,1223
3187,2345
3188,2256
3189,2250
3190,1738
3191,2075
3192,1431
3193,2905
3194,1832
3195,2456
3196,1425
3197,2110
3198,1850
3199,2179
3200,2036
3201,2074
3202,1962
3203,2054
3204,2071
3205,2069
3206,1992
3207,2075
3208,2048
3209,1960
3210,2060
3211,2039
3212,2022
3213,2008
3214,2080
3215,2005
3216,2036
3217,2118
3218,2031
3219,2095
3220,2060
3221,2119
3222,2038
3223,2098
3224,2044
3225,2104
3226,1995
3227,2086
3228,2090
3229,2122
3230,2072
3231,2108
3232,2108
3233,2026
3234,1987
3235,1927
3236,1994
3237,2005
3238,2157
3239,2060
3240,1981
3241,2030
3242,1991
3243,2018
3244,2041
3245,2011
3246,2069
3247,1968
3248,2049
3249,2030
3250,2126
3251,2014
3252,2207
3253,2093
3254,2034
3255,1986
3256,2082
3257,1979
3258,2043
3259,2075
3260,2003
3261,2026
3262,2141
3263,2023
3264,1984
3265,2133
3266,2031
3267,2076
3268,2092
3269,2088
3270,2029
3271,2093
3272,2117
3273,1987
3274,2012
3275,2007
3276,2122
3277,2031
3278,2101
3279,2094
3280,2099
3281,2056
3282,1981
3283,2062
3284,2121
3285,2030
3286,1982
3287,2089
3288,2006
3289,2015
3290,2044
3291,2105
3292,2014
3293,2112
3294,2064
3295,2063
3296,2057
3297,2021
3298,2101
3299,2008
3300,1962
3301,1998
3302,2034
3303,2082
3304,2057
3305,2065
3306,2083
3307,2111
3308,2033
3309,2039
3310,1999
3311,2068
3312,1963
3313,2083
3314,2045
3315,2086
3316,2030
3317,1934
3318,2023
3319,2021
3320,2074
3321,1992
3322,2049
3323,1995
3324,2022
3325,2070
3326,2039
3327,1999
3328,2052
3329,2056
3330,1973
3331,2012
3332,2079
3333,2080
3334,2091
3335,2112
3336,2080
3337,2052
3338,1945
3339,2038
3340,2045
3341,2059
3342,2033
3343,2045
3344,1989
3345,2051
3346,2130
3347,2095
3348,2017
3349,2059
3350,2051
3351,1989
3352,2123
3353,2090
3354,2002
3355,2024
3356,2071
3357,2067
3358,1998
3359,2065
3360,2079
3361,2103
3362,2066
3363,1989
3364,2063
3365,2018
3366,2059
3367,2143
3368,2023
3369,2040
3370,2023
3371,2038
3372,2091
3373,2063
3374,2069
3375,2057
3376,2014
3377,2052
3378,2055
3379,2018
3380,2069
3381,2058
3382,2017
3383,2097
3384,2104
3385,1998
3386,1995
3387,2087
3388,2010
3389,2104
3390,2080
3391,2046
3392,2034
3393,1964
3394,2006
3395,2084
3396,2107
3397,2047
3398,1996
3399,2046
3400,2007
3401,2013
3402,2097
3403,1984
3404,2049
3405,1963
3406,1969
3407,2041
3408,2126
3409,2061
3410,2124
3411,2054
3412,2072
3413,2064
3414,2108
3415,2074
3416,2007
3417,1978
3418,2063
3419,2041
3420,2045
3421,2110
3422,2134
3423,2094
3424,2024
3425,2021
3426,2121
3427,2064
3428,2124
3429,2045
3430,2133
3431,2046
3432,2076
3433,2010
3434,2084
3435,2139
3436,2030
3437,2058
3438,2124
3439,2084
3440,2015
3441,2003
3442,2005
3443,1999
3444,2040
3445,2060
3446,1962
3447,2158
3448,2110
3449,2077
3450,2034
3451,2018
3452,2124
3453,2031
3454,2071
3455,2067
3456,2000
3457,2126
3458,2098
3459,1992
3460,1981
3461,2058
3462,2081
3463,2129
3464,2103
3465,2091
3466,2098
3467,1964
3468,2049
3469,2004
3470,2003
3471,2039
3472,1952
3473,2033
3474,2049
3475,2062
3476,2059
3477,2116
3478,2116
3479,2053
3480,2147
3481,2043
3482,2022
3483,2118
3484,2071
3485,2023
3486,2062
3487,2089
3488,2008
3489,2080
3490,2060
3491,2055
3492,2084
3493,2061
3494,2037
3495,2071
3496,2072
3497,2054
3498,1990
3499,1984
3500,2038
3501,2135
3502,2051
3503,2000
3504,2040
3505,2033
3506,2044
3507,2145
3508,1991
3509,2076
3510,1971
3511,2089
3512,2055
3513,1999
3514,2004
3515,2025
3516,2047
3517,2131
3518,2070
3519,1941
3520,2058
3521,2084
3522,2040
3523,2023
3524,2041
3525,2028
3526,2096
3527,2015
3528,2045
3529,2092
3530,2077
3531,1998
3532,2043
3533,2090
3534,2072
3535,2012
3536,2088
3537,2036
3538,1994
3539,2040
3540,1987
3541,2106
3542,2095
3543,2034
3544,2111
3545,2147
3546,2069
3547,2116
3548,2012
3549,2019
3550,2038
3551,2114
3552,2022
3553,2069
3554,2070
3555,2038
3556,1934
3557,2056
3558,2053
3559,1967
3560,2054
3561,2012
3562,2010
3563,2091
3564,2107
3565,2040
3566,2104
3567,2098
3568,2102
3569,2032
3570,2098
3571,2128
3572,2065
3573,2093
3574,2087
3575,2038
3576,2179
3577,2042
3578,2080
3579,2050
3580,2140
3581,2134
3582,2106
3583,2092
3584,1976
3585,2031
3586,2025
3587,2135
3588,2101
3589,2089
3590,1996
3591,2092
3592,2019
3593,2067
3594,2092
3595,2150
3596,1979
3597,2037
3598,2020
3599,2013
3600,2005
3601,2104
3602,2033
3603,2156
3604,2069
3605,2104
3606,2003
3607,2020
3608,2039
3609,1976
3610,1982
3611,2051
3612,2019
3613,1892
3614,1937
3615,2059
3616,2052
3617,2092
3618,2129
3619,2053
3620,1967
3621,2049
3622,1984
3623,2006
3624,2087
3625,2108
3626,2080
3627,1873
3628,2044
3629,2089
3630,2053
3631,2054
3632,1997
3633,2056
3634,1983
3635,2180
3636,2029
3637,2165
3638,2053
3639,1982
3640,2015
3641,2008
3642,1951
3643,1981
3644,1982
3645,2015
3646,2101
3647,2038
3648,1979
3649,2057
3650,2081
3651,2006
3652,2144
3653,2095
3654,2159
3655,2107
3656,2091
3657,2064
3658,2086
3659,2056
3660,2025
3661,2090
3662,2137
3663,2003
3664,2009
3665,2057
3666,2071
3667,1974
3668,2091
3669,2111
3670,2036
3671,2064
3672,2023
3673,1991
3674,2008
3675,2040
3676,2116
3677,2038
3678,1972
3679,2127
3680,2037
3681,1991
3682,2077
3683,2029
3684,2081
3685,2037
3686,1972
3687,2005
3688,2041
3689,2064
3690,2068
3691,2145
3692,2165
3693,1930
3694,2041
3695,1955
3696,2046
3697,2033
3698,2052
3699,2055
3700,2069
3701,2114
3702,2033
3703,2073
3704,2033
3705,2150
3706,1966
3707,2040
3708,2063
3709,2142
3710,2091
3711,2047
3712,2115
3713,2058
3714,2131
3715,2010
3716,2099
3717,2020
3718,2046
3719,1945
3720,2085
3721,1954
3722,2031
3723,2077
3724,1925
3725,2034
3726,2089
3727,2020
3728,2076
3729,1951
3730,2093
3731,2051
3732,2157
3733,2035
3734,2011
3735,1978
3736,2062
3737,2133
3738,1969
3739,2098
3740,2087
3741,2009
3742,2023
3743,2144
3744,2082
3745,2112
3746,2041
3747,1965
3748,2009
3749,2043
3750,1988
3751,2008
3752,1994
3753,1974
3754,2075
3755,2015
3756,1957
3757,2061
3758,2053
3759,2068
3760,2021
3761,2052
3762,2164
3763,2137
3764,1958
3765,2084
3766,1958
3767,2066
3768,2089
3769,2000
3770,1967
3771,2044
3772,2043
3773,2073
3774,1947
3775,2064
3776,1987
3777,2064
3778,2050
3779,2052
3780,1958
3781,2140
3782,2051
3783,2071
3784,2106
3785,2019
3786,2091
3787,2128
3788,2039
3789,2082
3790,2019
3791,2055
3792,2100
3793,1996
3794,2031
3795,1984
3796,2007
3797,2046
3798,2037
3799,2153
3800,2145
3801,2084
3802,2077
3803,2098
3804,2036
3805,2075
3806,1993
3807,2060
3808,2051
3809,2053
3810,2079
3811,2106
3812,2058
3813,1996
3814,2066
3815,2022
3816,2021
3817,2079
3818,2057
3819,2040
3820,2108
3821,2051
3822,2118
3823,2099
3824,2020
3825,2146
3826,2021
3827,2084
3828,2056
3829,2027
3830,2008
3831,2156
3832,2059
3833,2026
3834,2020
3835,2100
3836,2057
3837,1991
3838,1984
3839,1958
3840,2052
3841,2098
3842,2034
3843,2034
3844,2056
3845,2023
3846,2017
3847,1983
3848,2033
3849,2005
3850,2000
3851,1938
3852,2066
3853,2048
3854,2133
3855,2037
3856,2057
3857,2045
3858,2030
3859,1999
3860,2035
3861,1981
3862,1947
3863,2085
3864,2011
3865,2038
3866,2018
3867,2014
3868,1971
3869,2112
3870,2021
3871,1990
3872,1992
3873,1911
3874,2013
3875,2078
3876,2042
3877,2135
3878,1983
3879,2046
3880,1967
3881,2007
3882,2068
3883,2025
3884,2110
3885,2036
3886,1910
3887,2022
3888,2051
3889,2045
3890,2088
3891,2155
3892,2056
3893,2059
3894,2062
3895,2137
3896,2102
3897,2068
3898,2088
3899,1994
3900,2106
3901,1993
3902,2044
3903,2119
3904,2072
3905,2110
3906,2038
3907,2004
3908,2092
3909,2060
3910,2047
3911,2030
3912,2084
3913,2125
3914,2104
3915,2003
3916,2087
3917,1966
3918,2071
3919,2060
3920,1983
3921,2052
3922,2044
3923,1986
3924,2055
3925,2100
3926,2000
3927,1966
3928,2098
3929,1965
3930,2097
3931,1984
3932,2053
3933,2078
3934,2083
3935,2049
3936,2024
3937,2016
3938,2007
3939,2064
3940,2027
3941,2097
3942,2030
3943,2009
3944,2081
3945,2015
3946,1997
3947,2080
3948,1989
3949,2105
3950,2013
3951,1950
3952,2046
3953,2122
3954,1992
3955,2045
3956,1939
3957,2091
3958,2060
3959,1953
3960,2000
3961,2131
3962,2004
3963,2117
3964,2102
3965,2112
3966,2052
3967,1980
3968,2098
3969,2056
3970,2085
3971,2095
3972,2054
3973,2033
3974,2148
3975,2123
3976,2139
3977,2018
3978,2056
3979,2123
3980,2025
3981,2069
3982,2145
3983,2073
3984,2117
3985,2009
3986,2103
3987,2068
3988,2002
3989,2125
3990,2069
3991,2144
3992,2084
3993,2087
3994,2061
3995,1975
3996,2074
3997,2084
3998,1986
3999,1996
4000,2115
4001,2728
4002,2599
4003,3086
4004,1239
4005,1462
4006,1764
4007,1900
4008,2705
4009,2233
4010,3021
4011,1918
4012,1615
4013,1614
4014,2271
4015,2236
4016,2479
4017,1776
4018,1836
4019,1573
4020,1887
4021,2341
4022,2024
4023,2405
4024,1781
4025,2017
4026,2042
4027,2257
4028,2463
4029,2222
4030,1964
4031,1832
4032,1398
4033,1922
4034,1902
4035,2147
4036,2349
4037,2047
4038,1920
4039,1696
4040,2891
4041,1625
4042,1635
4043,1476
4044,2490
4045,1501
4046,2199
4047,1598
4048,2268
4049,2860
4050,2604
4051,2329
4052,2194
4053,2160
4054,1667
4055,2238
4056,2577
4057,1091
4058,1827
4059,2480
4060,1379
4061,2466
4062,1432
4063,2698
4064,1739
4065,2185
4066,2317
4067,2707
4068,1642
4069,2434
4070,1791
4071,1801
4072,1882
4073,2485
4074,2154
4075,1700
4076,2003
4077,1619
4078,2235
4079,2127
4080,2059
4081,2611
4082,1650
4083,2085
4084,1933
4085,1424
4086,2442
4087,2007
4088,2215
4089,1770
4090,1782
4091,1731
4092,2381
4093,1651
4094,1666
4095,2395
4096,1945
4097,2047
4098,2339
4099,1442
4100,2282
4101,1636
4102,2084
4103,1494
4104,2025
4105,2215
4106,2443
4107,1300
4108,2429
4109,2444
4110,2294
4111,2064
4112,2020
4113,2073
4114,1873
4115,1925
4116,2258
4117,2189
4118,2253
4119,2700
4120,1760
4121,2112
4122,2288
4123,1891
4124,2656
4125,2127
4126,1552
4127,1834
4128,2544
4129,2624
4130,1419
4131,1748
4132,2759
4133,2046
4134,2775
4135,2121
4136,2091
4137,1201
4138,2425
4139,1222
4140,1605
4141,1719
4142,3096
4143,2295
4144,1513
4145,1976
4146,1803
4147,1615
4148,2486
4149,2350
4150,2406
4151,2841
4152,2809
4153,2368
4154,2167
4155,2234
4156,3182
4157,2368
4158,2355
4159,2071
4160,2755
4161,2107
4162,1922
4163,2413
4164,1737
4165,1084
4166,1609
4167,1579
4168,2729
4169,2885
4170,2683
4171,1912
4172,1770
4173,2109
4174,2274
4175,1816
4176,1184
4177,1267
4178,1780
4179,1990
4180,2208
4181,1802
4182,1838
4183,1657
4184,2453
4185,2361
4186,2611
4187,2442
4188,2202
4189,1740
4190,1418
4191,2375
4192,2076
4193,2214
4194,1845
4195,2145
4196,3129
4197,1755
4198,1781
4199,2428
4200,2476
4201,2345
4202,2234
4203,2564
4204,2072
4205,1707
4206,1751
4207,1429
4208,2155
4209,1674
4210,2895
4211,1958
4212,1628
4213,2579
4214,1810
4215,2067
4216,2609
4217,2330
4218,2524
4219,1641
4220,1808
4221,1383
4222,1865
4223,1897
4224,2561
4225,1982
4226,2041
4227,1617
4228,1982
4229,2022
4230,1985
4231,2656
4232,2445
4233,1723
4234,1942
4235,1667
4236,1423
4237,1882
4238,1005
4239,1986
4240,2105
4241,2262
4242,1629
4243,2413
4244,1973
4245,2046
4246,2707
4247,2119
4248,2025
4249,1888
4250,1186
4251,1863
4252,2450
4253,2295
4254,2259
4255,2229
4256,1579
4257,2305
4258,1514
4259,1689
4260,2129
4261,2656
4262,2597
4263,1306
4264,2537
4265,2672
4266,2207
4267,1296
4268,1937
4269,2907
4270,2284
4271,1626
4272,2268
4273,2398
4274,1866
4275,2290
4276,1905
4277,2234
4278,2131
4279,1928
4280,2554
4281,2164
4282,1462
4283,2098
4284,2048
4285,1930
4286,1475
4287,2197
4288,2333
4289,1950
4290,2869
4291,1491
4292,2047
4293,1523
4294,2053
4295,2025
4296,3298
4297,1683
4298,1397
4299,1394
4300,1197
4301,1659
4302,1648
4303,1650
4304,1777
4305,1870
4306,1199
4307,1891
4308,1812
4309,1467
4310,2197
4311,1734
4312,2152
4313,2544
4314,1940
4315,1834
4316,1471
4317,2048
4318,2632
4319,1450
4320,2199
4321,1692
4322,2110
4323,2563
4324,1563
4325,1771
4326,1435
4327,2463
4328,2145
4329,2402
4330,2106
4331,1213
4332,2499
4333,1409
4334,2040
4335,2235
4336,1749
4337,2263
4338,1927
4339,1583
4340,1756
4341,2152
4342,1818
4343,2280
4344,1993
4345,2151
4346,1715
4347,2272
4348,1902
4349,2924
4350,2494
4351,2101
4352,2337
4353,1427
4354,2504
4355,2615
4356,2114
4357,2116
4358,2069
4359,1514
4360,1900
4361,2113
4362,2045
4363,1830
4364,2130
4365,2250
4366,1645
4367,1692
4368,1354
4369,1545
4370,2169
4371,2958
4372,1466
4373,1959
4374,1432
4375,1898
4376,2695
4377,1973
4378,2102
4379,2053
4380,1917
4381,2150
4382,2210
4383,2271
4384,1826
4385,1499
4386,2182
4387,2067
4388,1959
4389,2125
4390,2182
4391,2545
4392,2073
4393,1954
4394,2032
4395,1736
4396,2480
4397,1535
4398,2444
4399,2500
4400,2208
4401,1805
4402,2278
4403,1848
4404,1717
4405,2535
4406,1780
4407,2115
4408,2121
4409,2079
4410,2339
4411,2365
4412,2227
4413,2642
4414,2116
4415,2638
4416,1694
4417,1841
4418,2863
4419,2291
4420,2233
4421,1996
4422,1984
4423,1831
4424,2066
4425,1344
4426,2366
4427,2564
4428,1507
4429,2390
4430,1976
4431,1474
4432,1867
4433,1832
4434,2558
4435,2042
4436,1899
4437,1836
4438,2116
4439,2762
4440,2674
4441,1394
4442,1775
4443,1926
4444,1618
4445,2347
4446,1903
4447,2396
4448,1731
4449,2194
4450,2608
4451,1523
4452,2336
4453,1437
4454,1879
4455,2033
4456,2022
4457,2085
4458,2173
4459,2294
4460,2165
4461,1947
4462,1943
4463,2182
4464,2328
4465,1730
4466,1895
4467,2197
4468,2226
4469,2026
4470,2070
4471,1984
4472,2201
4473,1969
4474,2356
4475,1633
4476,1886
4477,1818
4478,1794
4479,1457
4480,2266
4481,1844
4482,2215
4483,2055
4484,1955
4485,2552
4486,1731
4487,2780
4488,1527
4489,1736
4490,2308
4491,1994
4492,1503
4493,1906
4494,1797
4495,1162
4496,1595
4497,2244
4498,2776
4499,1760
4500,2033
4501,2042
4502,2016
4503,2021
4504,1960
4505,2050
4506,1976
4507,2074
4508,2020
4509,2105
4510,2050
4511,2092
4512,2077
4513,2054
4514,2092
4515,1982
4516,1972
4517,1973
4518,2009
4519,2070
4520,1988
4521,1992
4522,2078
4523,2086
4524,1946
4525,2032
4526,2104
4527,2061
4528,2081
4529,2024
4530,2072
4531,2085
4532,2001
4533,2054
4534,2059
4535,2033
4536,2092
4537,2002
4538,2103
4539,2062
4540,2082
4541,1972
4542,2029
4543,2020
4544,2032
4545,2045
4546,1975
4547,1879
4548,2107
4549,2048
4550,2002
4551,1999
4552,2060
4553,1998
4554,2072
4555,2148
4556,2046
4557,2141
4558,2090
4559,1964
4560,2071
4561,2047
4562,2036
4563,2041
4564,2050
4565,2129
4566,2103
4567,2040
4568,2061
4569,2016
4570,1941
4571,2103
4572,2045
4573,2041
4574,2031
4575,2101
4576,2092
4577,2030
4578,2035
4579,1947
4580,2038
4581,2122
4582,1955
4583,2008
4584,2046
4585,2151
4586,1972
4587,2065
4588,2057
4589,1962
4590,1982
4591,2054
4592,2094
4593,1923
4594,2078
4595,2057
4596,2011
4597,1977
4598,2074
4599,1998
4600,2044
4601,2053
4602,2007
4603,2072
4604,2035
4605,2076
4606,2035
4607,2162
4608,2066
4609,2034
4610,1997
4611,2049
4612,1956
4613,2047
4614,2053
4615,2012
4616,2034
4617,2066
4618,2104
4619,2075
4620,2048
4621,1979
4622,2078
4623,2040
4624,1957
4625,2067
4626,2096
4627,2019
4628,2040
4629,1985
4630,2016
4631,2034
4632,2074
4633,2065
4634,1983
4635,2010
4636,2074
4637,1948
4638,2064
4639,2075
4640,2004
4641,2078
4642,2061
4643,1983
4644,2070
4645,2057
4646,2054
4647,2095
4648,2064
4649,2091
4650,2066
4651,1997
4652,2001
4653,2051
4654,1934
4655,2069
4656,2142
4657,2005
4658,1946
4659,2049
4660,2005
4661,2004
4662,2075
4663,2026
4664,1991
4665,1982
4666,2002
4667,2080
4668,1999
4669,1994
4670,1911
4671,1959
4672,2099
4673,2098
4674,2046
4675,2059
4676,2047
4677,2030
4678,2129
4679,1959
4680,2137
4681,2077
4682,2078
4683,2030
4684,1987
4685,2073
4686,2002
4687,2057
4688,2025
4689,2146
4690,2189
4691,2132
4692,2125
4693,2082
4694,2004
4695,1944
4696,1994
4697,2015
4698,2024
4699,2106
4700,2033
4701,2142
4702,2124
4703,2034
4704,2093
4705,2086
4706,2106
4707,2093
4708,2095
4709,1984
4710,2131
4711,2073
4712,2030
4713,2056
4714,1971
4715,2022
4716,2053
4717,2068
4718,2092
4719,2046
4720,2015
4721,2014
4722,2076
4723,2125
4724,2118
4725,2016
4726,2093
4727,2054
4728,2098
4729,2033
4730,2139
4731,2150
4732,2071
4733,2068
4734,2019
4735,2009
4736,2078
4737,2111
4738,2037
4739,1983
4740,1986
4741,2035
4742,1997
4743,2079
4744,2051
4745,2028
4746,2030
4747,2047
4748,2045
4749,2105
4750,2083
4751,1992
4752,2118
4753,2044
4754,2142
4755,1957
4756,1961
4757,2047
4758,2182
4759,2086
4760,2051
4761,2113
4762,2075
4763,2033
4764,1970
4765,2065
4766,2059
4767,2002
4768,2107
4769,2070
4770,2020
4771,2081
4772,2080
4773,2143
4774,2068
4775,1983
4776,2087
4777,2110
4778,2070
4779,2071
4780,2045
4781,2080
4782,2004
4783,2091
4784,2067
4785,2200
4786,2101
4787,2041
4788,2062
4789,2094
4790,2019
4791,2093
4792,2007
4793,2004
4794,2074
4795,2033
4796,2073
4797,2110
4798,2000
4799,2052
4800,2106
4801,2041
4802,2027
4803,2118
4804,1954
4805,2003
4806,2096
4807,2051
4808,2015
4809,2037
4810,2077
4811,2053
4812,2060
4813,2045
4814,2131
4815,2096
4816,2079
4817,1940
4818,2059
4819,1972
4820,2086
4821,2134
4822,1993
4823,2082
4824,2012
4825,2069
4826,2186
4827,2090
4828,1953
4829,2066
4830,2133
4831,2110
4832,2047
4833,2086
4834,2105
4835,2016
4836,2175
4837,1976
4838,1965
4839,2060
4840,2088
4841,2073
4842,2088
4843,1953
4844,2114
4845,2091
4846,2025
4847,2020
4848,2062
4849,2058
4850,2132
4851,2037
4852,2074
4853,1996
4854,2125
4855,2074
4856,1974
4857,1955
4858,2022
4859,2089
4860,2107
4861,2016
4862,2016
4863,1953
4864,2056
4865,2029
4866,2044
4867,1983
4868,2109
4869,2038
4870,2015
4871,2075
4872,2037
4873,2120
4874,2031
4875,1984
4876,2086
4877,2014
4878,2049
4879,1990
4880,2108
4881,2040
4882,2011
4883,2036
4884,1921
4885,1990
4886,2008
4887,2000
4888,1988
4889,2050
4890,2021
4891,2087
4892,2010
4893,2073
4894,1988
4895,2125
4896,2099
4897,2017
4898,2115
4899,2131
4900,1951
4901,2012
4902,2088
4903,2013
4904,2100
4905,2073
4906,2096
4907,2034
4908,2022
4909,2093
4910,2140
4911,2141
4912,2102
4913,2092
4914,2078
4915,2029
4916,2013
4917,2023
4918,2088
4919,1985
4920,2051
4921,2005
4922,2075
4923,2113
4924,1996
4925,2086
4926,2028
4927,2147
4928,2037
4929,2044
4930,2061
4931,1962
4932,2120
4933,2076
4934,2082
4935,1981
4936,2039
4937,2200
4938,2125
4939,2032
4940,2055
4941,2171
4942,2042
4943,1968
4944,2054
4945,2050
4946,1976
4947,2153
4948,2085
4949,2030
4950,2040
4951,2097
4952,2071
4953,2032
4954,2074
4955,2116
4956,2113
4957,2028
4958,2091
4959,1981
4960,1999
4961,2007
4962,2005
4963,1976
4964,2121
4965,1978
4966,2086
4967,1978
4968,2069
4969,2051
4970,2027
4971,2029
4972,2044
4973,2066
4974,1986
4975,2160
4976,2099
4977,2028
4978,1968
4979,2154
4980,2076
4981,2066
4982,2015
4983,2057
4984,2021
4985,2059
4986,2007
4987,1970
4988,1980
4989,1943
4990,2005
4991,2075
4992,2064
4993,2061
4994,2043
4995,2126
4996,2095
4997,2051
4998,2053
5000,2065
